Temp	omega_1
300.0	0.0
299.0	0.0
298.0	0.0
297.0	0.0
296.0	0.0
295.0	0.0
294.0	0.0
293.0	0.0
292.0	0.0
291.0	0.0
290.0	0.0
289.0	0.0
288.0	0.0
287.0	0.0
286.0	0.0
285.0	0.0
284.0	0.0
283.0	0.0
282.0	0.0
281.0	0.0
280.0	0.0
279.0	0.0
278.0	0.0
277.0	0.0
276.0	0.0
275.0	0.0
274.0	0.0
273.0	0.0
272.7272727272727	0.0
272.0	0.0
271.0	0.0
270.0	0.0
269.0	0.0
268.0	0.0
267.0	0.0
266.0	0.0
265.0	0.0
264.0	0.0
263.0	0.0
262.0	0.0
261.0	0.0
260.0	0.0
259.0	0.0
258.0	0.0
257.0	0.0
256.0	0.0
255.0	0.0
254.0	0.0
253.0	0.0
252.0	0.0
251.0	0.0
250.0	0.0
249.0	0.0
248.0	0.0
247.0	0.0
246.0	0.0
245.4545454545455	0.0
245.0	0.0
244.0	0.0
243.0	0.0
242.0	0.0
241.0	0.0
240.0	0.0
239.0	0.0
238.0	0.0
237.0	0.0
236.0	0.0
235.0	0.0
234.0	0.0
233.0	0.0
232.0	0.0
231.0	0.0
230.0	0.0
229.0	0.0
228.0	0.0
227.0	0.0
226.0	0.0
225.0	0.0
224.0	0.0
223.0	0.0
222.0	0.0
221.0	0.0
220.0	0.0
219.0	0.0
218.1818181818182	0.0
218.0	0.0
217.0	0.0
216.0	0.0
215.0	0.0
214.0	0.0
213.0	0.0
212.0	0.0
211.0	0.0
210.0	0.0
209.0	0.0
208.0	0.0
207.0	0.0
206.0	0.0
205.0	0.0
204.0	0.0
203.0	0.0
202.0	0.0
201.0	0.0
200.0	0.0
199.0	0.0
198.0	0.0
197.0	0.0
196.0	0.0
195.0	0.0
194.0	0.0
193.0	0.0
192.0	0.0
191.0	0.0
190.9090909090909	0.0
190.0	0.0
189.0	0.0
188.0	0.0
187.0	0.0
186.0	0.0
185.3987023096884	0.0
185.3808550690087	23.67812851776059
185.3757161405453	24.00310153088263
185.3683052696608	24.44518000983116
185.368297733565	24.44495990187675
185.3440753834625	25.72752054879804
185.3379082296332	26.0228308033537
185.337901447147	26.02377725913434
185.3075111896055	27.3530118121126
185.307505160729	27.35323355989831
185.303613174578	27.51078637608679
185.277114149578	28.52363481271024
185.277108874311	28.52352732478654
185.2629155730409	29.02993513252156
185.2467171095504	29.58120899488966
185.2467125878929	29.5816444483129
185.2163200695228	30.55387751684349
185.2163163014749	30.5538834904479
185.2122424040507	30.67885197857612
185.1859230294952	31.45833087536911
185.1859200150569	31.45825408552232
185.1643348693848	32.06655828208642
185.1555259894675	32.30738585561352
185.1555237286389	32.3075868712904
185.12512894944	33.11033838899495
185.1251274422208	33.11046489194203
185.1023089288018	33.68674702571526
185.0947319094124	33.87370277466214
185.0947311558028	33.8734769215795
185.0643348693848	34.60255154169982
184.974200796746	36.60005736557407
184.9643348693848	36.80591398844833
184.8508719208041	39.03182879501059
184.8281469762172	39.450263246049
184.7234378561151	41.28131039034655
184.6642919658247	42.25496581732057
184.5818118199728	43.55070124557304
184.4827135830263	45.02537824419057
184.4257941425682	45.83685910837662
184.283432077371	47.769117650059
184.2551829175702	48.13757836030101
184.0697939083992	50.45091674334909
184.0664469372911	50.49121094424677
183.869445992883	52.77542475553487
183.8317236395808	53.19558159405118
183.6539725309009	55.10965387472579
183.5792043674544	55.88512364835223
183.4231967040867	57.4525688565225
183.308810893965	58.56208243265069
183.1769480900661	59.80323715734268
183.0204470534639	61.22823258764363
182.9150559571622	62.16083563255285
182.7140002473485	63.88500471953422
182.6373452531791	64.52470915017521
182.3893425151964	66.53356986749286
182.3436422463212	66.89423747447114
182.0463334339689	69.17488291241597
182.0337672768532	69.26890350492928
181.7075372244021	71.64824488877207
181.6848118862137	71.80980985415715
181.3647637423512	74.03186010709017
181.3046103035527	74.43898635153138
181.0052536592884	76.41938772802371
180.9055453572754	77.06302162963547
180.6288076656268	78.81050639707409
180.4874201050014	79.68242766977022
180.235219929336	81.20492814029687
180.0500243714172	82.29764721944713
179.824277561513	83.6023961722273
179.5931346560635	84.90906795513781
179.395760515248	86.00267613598533
179.1165142102218	87.51703017131877
178.9494406559657	88.40555741487172
178.6199122704436	90.1218383793527
178.4850816141729	90.81084852732958
178.1030647525722	92.72375893418544
178.0024383289301	93.21837458484598
177.5656933016753	95.32303353798986
177.5012565413685	95.62797575800762
177.0075056877109	97.91987606206035
176.9812723701872	98.03950714694254
176.4422122385555	100.4528341566656
176.4281954666992	100.5144795901531
175.8837921306921	102.8678353732609
175.8274419273311	103.1070177397427
175.3057177760851	105.2843991697614
175.2049105420047	105.6976449459559
174.7076843665759	107.7024221033052
174.5602530503771	108.2865003306918
174.0893761185306	110.1218120703312
173.893108626303	110.8737052912267
173.4504668723236	112.5424858614281
173.2031049131311	113.4593662376161
172.7906203777682	114.964369399406
172.4898605923167	116.0435708846307
172.1094909136463	117.3873993011511
171.7529893481125	118.6263858566545
171.4067246543119	119.811525098689
170.9921058379256	121.2078528231415
170.6819620821219	122.2367105756546
170.2068368642987	123.7879750202762
169.976666114201	124.529003122815
169.9348413164383	124.6629409695284
169.3968399483114	126.3666994548045
169.1650043220106	127.0902305186774
168.5618382630192	128.9438749625481
168.3721065456641	129.5186458004742
167.7016921765847	131.5191574487548
167.5558357637575	131.948318320096
166.8165691027582	134.0917526386475
166.7159378193695	134.3795673656539
165.9074794784124	136.6594453449729
165.8522892084604	136.8130730407727
164.9792316137248	139.2121305803684
164.9650418314156	139.2506724352173
164.0550816272627	141.7013446177217
164.0	141.8494423668448
163.6363636363636	142.7971225765844
163.1268054887309	144.0850434494852
163.0	144.4024645170289
162.1532385618165	146.491530077442
162.0	146.8640363519403
161.1532385618165	148.8928227925473
161.0	149.2547359590411
160.1532385618165	151.2266256201016
160.0	151.5785266789335
159.1532385618165	153.496573489362
159.0	153.8389886840026
158.1532385618165	155.7059644129356
158.0	156.0393720378642
157.1532385618165	157.8578015978239
157.0	158.1826382877823
156.1532385618165	159.9548293102796
156.0	160.2714946784738
155.1532385618165	161.9995635383194
155.0	162.3084245016776
154.5242419220009	163.259949194352
154.1532385618165	163.9943170408069
154.0	164.2957116731168
153.1532385618165	165.9412225320011
153.0	166.2354629721516
152.1532385618165	167.8422512789666
152.0	168.1296263697868
151.1532385618165	169.6992299419701
151.0	169.9800078352584
150.1532385618165	171.5138548930686
150.0	171.7882848162746
149.1532385618165	173.2877049720595
149.0	173.5560191769324
148.1532385618165	175.0222524763484
148.0	175.2846678805203
147.1532385618165	176.7188731759908
147.0	176.9755925957917
146.1532385618165	178.3788547937281
146.0	178.6300682011628
145.1532385618165	180.0034045517815
145.0	180.2492903746644
144.1532385618165	181.5936563501508
144.0	181.8343823266503
143.1532385618165	183.1506765263811
143.0	183.3864002776732
142.1532385618165	184.6754695969725
142.0	184.9063399890344
141.1532385618165	186.1689828792161
141.0	186.3951403293498
140.1532385618165	187.6321112272534
140.0	187.8536883803226
139.1532385618165	189.0657005883932
139.0718177298008	189.1811483320614
139.0	189.2828230757717
138.1532385618165	190.4705519881853
138.0	190.6833388698432
137.1532385618165	191.8474247667147
137.0	192.0559887413924
136.3636363636364	192.9153130837174
136.1532385618165	193.1970392668603
136.0	193.401487570976
135.1532385618165	194.5200796929777
135.0	194.7205141305027
134.1532385618165	195.8171966670562
134.0	196.0137141092397
133.1532385618165	197.0890094544666
133.0	197.2817021311344
132.1532385618165	198.3361078156875
132.0	198.5250636172858
131.1532385618165	199.5590541357585
131.0	199.7443569633333
130.1532385618165	200.7583850982248
130.0	200.940115032659
129.1532385618165	201.934613270944
129.0	202.112846820834
128.1532385618165	203.0882286082724
128.0	203.2630389347538
127.1532385618165	204.2196997805272
127.0	204.3911568803215
126.1532385618165	205.3294754381604
126.0	205.4976463996698
125.1532385618165	206.4179855222373
125.0	206.5829345653752
124.1532385618165	207.4856421336468
124.0	207.6474309793061
123.6193935376007	208.0472048944681
123.1532385618165	208.5328406976322
123.0	208.6915285260906
122.1532385618165	209.5599609504315
122.0	209.7156045925411
121.1532385618165	210.5673676723081
121.0	210.720021774183
120.1532385618165	211.555411592383
120.0	211.7051287334882
119.1532385618165	212.5244302952224
119.0	212.671261024204
118.1532385618165	213.4747487271477
118.0	213.6187417895743
117.1532385618165	214.4066798953296
117.0	214.5478822816942
116.1532385618165	215.32052580357
116.0	215.4589828432758
115.1532385618165	216.2165777560885
115.0	216.3523331993015
114.1532385618165	217.0951170818604
114.0	217.2282131354766
113.1532385618165	217.9564156185023
113.0	218.0868931412259
112.1532385618165	218.8007362851327
112.0	218.9286348370466
111.1532385618165	219.6283335689292
111.0	219.7536914537118
110.1532385618165	220.439454069358
110.0	220.562308362088
109.1532385618165	221.2343368279559
109.0909090909091	221.2833491572506
109.0	221.3547236018338
108.1669693454006	222.0026267265633
108.1532385618165	222.0132139635277
108.0	222.1311680763071
107.1532385618165	222.7763109005643
107.0	222.891866404485
106.1532385618165	223.5238468707067
106.0	223.637036838574
105.1532385618165	224.2388130121558
105.0	224.3407996722194
104.1532385618165	224.9013737893674
104.0	225.0022644535451
103.1532385618165	225.5565432368125
103.0	225.6562528363763
102.1532385618165	226.2037870723946
102.0	226.3022379246005
101.1532385618165	226.8426181416517
101.0	226.9397397301285
100.1532385618165	227.4725943323348
100.0	227.5683226430785
99.15323856181652	228.0933159218546
99.0	228.187593294229
98.15323856181652	228.7044232473667
98.0	228.7971980043167
97.15323856181652	229.3055943480788
97.0	229.3968203450431
96.15323856181652	229.8965426529412
96.0	229.9861789279817
95.15323856181652	230.4770146178447
95.0	230.5650251084527
94.15323856181652	231.0467876657988
94.0	231.1331408286376
93.15323856181652	231.6056678837896
93.0	231.6903364955444
92.71454515320056	231.8473638748831
92.15323856181652	232.1534883244338
92.0	232.2364489643555
91.15323856181652	232.6901067780478
91.0	232.771339751315
90.15323856181652	233.2154041857808
90.0	233.2948932091043
89.15323856181652	233.7292829358428
89.0	233.8070148235924
88.15323856181652	234.2316652032076
88.0	234.3076296919028
87.15323856181652	234.7224915194662
87.0	234.796681029478
86.15323856181652	235.2017193816567
86.0	235.2741288689984
85.15323856181652	235.6693220512548
85.0	235.739948627125
84.15323856181652	236.1252872145425
84.0	236.1941302745653
83.15323856181652	236.569616043307
83.0	236.6366768153595
82.15323856181652	237.0023220519617
82.0	237.0676037540163
81.81818181818181	237.1447076081804
81.15323856181652	237.4234303369196
81.0	237.4869377165026
80.15323856181652	237.8329766158311
80.0	237.8947160613273
79.15323856181652	238.2310064382304
79.0	238.2909857225337
78.15323856181652	238.617574576074
78.0	238.675802858342
77.26212096100046	238.9524458102943
77.15323856181652	238.9927443079369
77.0	239.0492320205484
76.15323856181652	239.3565868527681
76.0	239.4113455792695
75.15323856181652	239.7091809053825
75.0	239.7622233349194
74.15323856181652	240.0506120888772
74.0	240.1019519509615
73.15323856181652	240.3809726002618
73.0	240.430624511088
72.15323856181652	240.7003607679763
72.0	240.7483403665568
71.15323856181652	241.0088809824193
71.0	241.0552045754226
70.15323856181652	241.306642684172
70.0	241.3513277459605
69.15323856181652	241.5937611015608
69.0	241.6368257061296
68.15323856181652	241.8703564298117
68.0	241.9118194086061
67.15323856181652	242.1365537321039
67.0	242.1764348691148
66.15323856181652	242.3924828678315
66.0	242.4308022846126
65.15323856181652	242.6382783345342
65.0	242.6750570403941
64.15323856181652	242.8740791057295
64.0	242.9093388377832
63.15323856181652	243.1000287583954
63.0	243.1337918497178
62.15323856181652	243.316275117803
62.0	243.3485646326825
61.80969676880036	243.3883527317009
61.15323856181652	243.5229705336374
61.0	243.5538102021195
60.15323856181652	243.7202716131133
60.0	243.749685860474
59.15323856181652	243.9083394712282
59.0	243.9363533225615
58.15323856181652	244.0873395345088
58.0	244.1139787498283
57.15323856181652	244.2574416878923
57.0	244.2827326763948
56.15323856181652	244.4188202834051
56.0	244.4427901917042
55.15323856181652	244.5716542719881
55.0	244.5943309181264
54.54545454545455	244.6604472235951
54.15323856181652	244.7161271462067
54.0	244.7375390628395
53.15323856181652	244.8524271068174
53.0	244.8726035507808
52.15323856181652	244.9807470908877
52.0	244.9997180420184
51.15323856181652	245.1012849019454
51.0	245.1190810900354
50.15323856181652	245.2142431787869
50.0	245.2308961223677
49.15323856181652	245.3198296398919
49.0	245.3353716005197
48.15323856181652	245.4182570027067
48.0	245.4327210428349
47.15323856181652	245.5097431193732
47.0	245.5231630717398
46.35727257660027	245.5777500059511
46.15323856181652	245.5945110232326
46.0	245.6069215244785
45.15323856181652	245.6727889471718
45.0	245.6842254536438
44.15323856181652	245.744810422383
44.0	245.7553091476544
43.15323856181652	245.8108142319057
43.0	245.8204122187406
42.15323856181652	245.8710442962356
42.0	245.8797794452312
41.15323856181652	245.9257499034814
41.0	245.9336608142801
40.15323856181652	245.9750156305932
40.0	245.9820817357364
39.15323856181652	246.0190487700544
39.0	246.0253700062575
38.15323856181652	246.0583371843532
38.0	246.0639556970796
37.15323856181652	246.093149574718
37.0	246.0981053221959
36.15323856181652	246.1237509464081
36.0	246.1280832576155
35.15323856181652	246.1503663794424
35.0	246.1541075286174
34.15323856181652	246.1732431993908
34.0	246.176436283149
33.15323856181652	246.1926624001839
33.0	246.1953504440555
32.15323856181652	246.2089038518945
32.0	246.211129558749
31.15323856181652	246.2222456567471
31.0	246.2240514886226
30.90484838440018	246.2251422104659
30.15323856181652	246.2329639015652
30.0	246.234391902651
29.15323856181652	246.2411876425384
29.0	246.2422338314634
28.15323856181652	246.2471770213284
28.0	246.2479274133547
27.27272727272727	246.2509321571478
27.15323856181652	246.251342048848
27.0	246.25183485802
26.15323856181652	246.2539298067783
26.0	246.2541504460605
25.15323856181652	246.2547836907628
25.0	246.2548095128287
24.15323856181652	246.2545149290661
24.0	246.2543883327438
23.15323856181652	246.2533343264263
23.0	246.2530849312591
22.15323856181652	246.2514297957457
22.0	246.2510852616766
21.15323856181652	246.2489761927179
21.0	246.2485620730914
20.15323856181652	246.246134223166
20.0	246.2456738679326
19.15323856181652	246.2430497089873
19.0	246.2425640767474
18.15323856181652	246.2398528712109
18.0	246.2393605277183
17.15323856181652	246.2366580557249
17.0	246.2361751247801
16.15323856181652	246.2335636004668
16.0	246.2331037023761
15.45242419220009	246.2314995797604
15.15323856181652	246.2306518153832
15.0	246.2302261914608
14.15323856181652	246.227989248097
14.0	246.2276067139608
13.15323856181652	246.2256268476424
13.0	246.2252938041341
12.15323856181652	246.2235999835177
12.0	246.2233205194654
11.15323856181652	246.2219285730108
11.0	246.2217043331495
10.15323856181652	246.2206170089374
10.0	246.2204473481847
9.153238561816522	246.2196544431175
9.0	246.2195363598622
8.153238561816522	246.219015607064
8.0	246.2189440809454
7.153238561816522	246.2186627763687
7.0	246.2186310836163
6.153238561816522	246.2185487132796
6.0	246.2185490285482
5.153238561816522	246.2186213369649
5.0	246.2186457524512
4.153238561816522	246.2188396882648
4.0	246.2188950278774
3.153238561816522	246.2190711960468
3.0	246.2190671751372
2.153238561816522	246.2190505587252
2.0	246.2191085576401
1.153238561816522	246.2195214129554
1.0	246.219585927327
0.1532385618165222	246.2196509101371
0.0	246.2196508381352
